rank,slug,name,value
1,challenge-rush,Challenge Rush,1138
2,slope-2,Slope 2,1005
3,wacky-flip,Wacky Flip,810
4,traffic-road,Traffic Road,561
5,undead-corridor,Undead Corridor,378
6,tap-road,Tap Road,355
7,orbit-kick,Orbit Kick,348
8,ragdoll-playground,Ragdoll Playground,319
9,slope-rider,Slope Rider,312
10,pixel-path,Pixel Path,295
11,city-brawl,City Brawl,268
12,golf-hit,Golf Hit,242
13,escape-road-3,Escape Road 3,238
14,escape-road,Escape Road,226
15,wacky-steps,Wacky Steps,214
16,dude-theft-auto,Dude Theft Auto,206
17,shape-rush,Shape Rush,193
18,retro-sports-champion,Retro Sports Champion,193
19,granny-horror,Granny Horror,160
20,red-face-horror,Red Face Horror,145
